{
    "prepare_queue": {
        "installed": [],
        "uninstalled": []
    },
    "config_munge": {
        "files": {}
    },
    "installed_plugins": {
        "cordova-plugin-dialogs": {
            "PACKAGE_NAME": "io.cordova.hellocordova"
        },
        "phonegap-plugin-local-notification": {
            "PACKAGE_NAME": "io.cordova.hellocordova"
        },
        "cordova-plugin-whitelist": {
            "PACKAGE_NAME": "io.cordova.hellocordova"
        }
    },
    "dependent_plugins": {},
    "modules": [
        {
            "file": "plugins/cordova-plugin-dialogs/www/notification.js",
            "id": "cordova-plugin-dialogs.notification",
            "pluginId": "cordova-plugin-dialogs",
            "merges": [
                "navigator.notification"
            ]
        },
        {
            "file": "plugins/cordova-plugin-dialogs/www/browser/notification.js",
            "id": "cordova-plugin-dialogs.notification_browser",
            "pluginId": "cordova-plugin-dialogs",
            "merges": [
                "navigator.notification"
            ]
        },
        {
            "file": "plugins/phonegap-plugin-local-notification/www/notification.js",
            "id": "phonegap-plugin-local-notification.Notification",
            "pluginId": "phonegap-plugin-local-notification",
            "clobbers": [
                "Notification"
            ]
        }
    ],
    "plugin_metadata": {
        "cordova-plugin-dialogs": "2.0.2",
        "phonegap-plugin-local-notification": "1.0.1",
        "cordova-plugin-whitelist": "1.3.4"
    }
}